Request ID,URL,Start Time,End Time,Elapsed Time
0,www.httpforever.com,1720104359.1262982,1720104361.668205,2.5419068336486816
3,www.httpforever.com,1720104378.628742,1720104378.629062,0.0003199577331542969
6,www.httpforever.com,1720104381.2690282,1720104381.269266,0.0002377033233642578
9,www.httpforever.com,1720104381.43392,1720104381.434133,0.00021314620971679688
12,www.httpforever.com,1720104381.593921,1720104381.594047,0.00012612342834472656
15,www.httpforever.com,1720104381.755274,1720104381.755402,0.00012803077697753906
