Request ID,URL,Start Time,End Time,Elapsed Time
0,www.example.com/ll,1720113982.290356,1720113984.9485571,2.658201217651367
3,www.example.com/part,1720113998.9959931,1720114001.4041018,2.408108711242676
5,www.example.com/ss,1720114005.876398,1720114008.386909,2.5105109214782715
7,www.postman-echo.cce,1720114023.6707242,1720114025.140537,1.4698128700256348
